878;-536;-839;370;-209;67;-547;822;-440;588;-62;-433;-551;-417;-673;714;983;626;442;-528;828;-881;479;65;-558;-527;-112;348;157;-59;-951;-4;-539;-417;730;912;267;516;448;841;778;657;-933;-191;86;713;-733;277;-420;500
942;-150;-740;726;676;-894;210;127;761;415;458;-404;781;-808;-619;489;288;920;739;-837;-708;631;-659;156;505;-679;-691;470;-631;974;-870;-781;471;450;865;-990;-240;-677;-54;934;-959;870;-977;-588;936;-704;-112;456;528;390
-824;-961;156;-335;-807;1;-135;719;-877;-4;-589;842;93;973;-477;-326;281;595;375;865;-476;-267;-430;766;803;494;-447;-18;345;191;840;539;-90;291;513;-355;-464;786;-303;-523;632;-580;-204;-534;-247;364;611;909;-714;-611
-360;-278;-679;-292;746;135;531;21;469;609;100;-277;920;-683;659;-481;-272;-357;747;-180;-504;533;-610;230;-552;449;219;564;-925;139;358;-308;-235;560;-646;638;-160;-361;-589;-723;-883;892;-762;298;-570;-360;64;-978;-378;-275
-985;-358;27;928;873;896;-799;792;-78;404;715;-694;404;812;-973;693;159;-560;-266;-448;-160;113;-835;462;-837;-704;243;326;-924;642;97;-950;-226;420;-947;-943;853;-368;944;682;701;187;486;414;-406;-806;669;690;-709;-564
470;-894;271;778;882;-314;-343;734;-305;475;114;-80;502;978;-979;-834;515;-990;-446;-513;-841;825;53;-700;-868;-764;327;991;203;19;-786;-516;-807;-730;-836;-721;-159;-212;646;-401;-566;43;-355;-230;-159;860;205;800;534;778
94;639;774;736;-854;-129;-356;742;-330;-873;-110;-614;-942;235;-314;-731;821;787;845;834;132;-505;179;-942;-471;23;-254;666;-306;479;-876;-40;-350;-608;-507;968;-754;-693;-81;-607;639;720;17;33;-807;-24;904;-285;-663;264
-607;-679;-345;813;981;566;697;181;875;-102;-721;804;-362;-85;580;-432;-802;-560;-185;-757;845;-222;-356;562;260;-505;-950;578;821;518;387;986;348;231;693;-215;770;-264;-564;733;-239;654;-509;-727;-26;-72;753;404;20;-118
-454;-948;-587;191;-636;330;831;973;-923;-814;-60;-189;-160;-213;-892;-176;-183;691;960;405;54;-409;197;765;172;158;527;-28;-882;891;740;-35;228;582;-102;-314;-728;-714;28;99;-422;88;856;642;259;57;-74;-459;286;-245
-188;-45;-141;-315;900;325;701;560;741;778;422;2;949;-191;-774;-485;694;405;-995;-695;-320;141;-514;-121;27;-600;332;-432;-799;631;-968;-183;76;122;-868;-112;677;346;490;-246;-13;534;-582;-44;536;-836;744;-150;-596;-139
-77;28;-791;-674;-332;-359;-929;72;765;434;-175;-617;997;-480;583;-86;713;-430;-96;-317;659;339;-481;817;784;488;-415;259;-738;884;614;851;446;-785;729;-872;-296;211;-232;-873;364;-832;-581;878;-550;623;46;692;-761;-287
300;-131;-106;-515;568;-846;-440;-842;-201;-575;55;-496;-452;-578;-176;578;760;440;525;-287;-243;986;37;801;-545;215;505;-463;-44;343;944;377;985;482;-899;70;981;-276;-522;-887;476;-180;441;903;329;-478;583;321;145;-869
989;412;30;957;971;-876;-984;366;853;-940;705;-172;792;455;928;-298;-238;602;-854;715;-141;952;989;-222;-271;838;558;960;-292;872;-658;-1000;197;-915;402;69;-179;-980;-216;315;-465;-512;-635;974;-706;889;-889;944;282;-61
-132;250;867;-457;-346;-84;-823;851;646;492;-74;473;-114;374;-266;-328;-573;-394;142;948;-477;-27;224;-420;-820;-707;361;-577;553;909;-962;-116;-631;-873;-322;83;-558;803;13;454;89;445;288;-686;-364;271;-804;444;-382;594
310;407;39;770;-849;819;612;73;-678;203;555;524;-136;279;-947;349;-605;440;-818;-553;924;-684;-84;-434;-225;194;-589;-568;-324;406;768;174;506;-69;284;427;-448;720;-860;66;-869;944;660;676;922;-852;-580;285;-147;66
-414;291;391;512;548;614;-366;399;55;830;-207;500;866;65;629;-612;-128;-117;-246;693;-718;549;-28;-482;26;928;344;-752;104;401;-380;-203;404;-296;408;817;-362;411;-332;681;242;-233;877;-704;16;688;-6;261;-808;-284
991;5;-106;236;-248;-219;236;425;-661;-9;-952;276;869;-949;-96;352;923;-612;-576;-343;-823;-534;-543;461;-68;199;-656;-630;187;-771;-731;-933;247;-942;638;-321;373;519;194;66;-231;727;721;372;-426;158;815;-118;83;-490
255;648;-81;-309;-392;826;-839;553;181;-517;658;-655;-13;-376;-347;511;777;-790;-849;-821;-162;171;-233;793;680;0;-133;-64;25;-8;157;-574;-772;-63;197;320;-192;-277;649;-58;821;-279;970;-333;469;955;791;-679;-398;226
-932;493;553;-772;-298;-837;-232;-376;-970;768;-968;-485;632;-930;-745;-605;-535;641;615;-452;459;-663;-801;31;233;-528;-785;527;179;-836;-391;-286;51;-984;583;461;884;563;-728;-996;161;735;734;101;-191;-835;190;-169;-150;681
-586;109;464;204;679;-945;-249;-390;178;-408;808;673;-120;-187;897;-457;634;-736;-174;401;487;661;132;-225;-271;328;250;513;-861;161;-181;-553;944;294;-235;116;740;-475;-39;-312;453;89;637;-720;-907;446;529;419;644;-246
621;766;1;269;-288;-803;-316;-320;307;-438;-733;482;-553;-389;316;321;-663;629;-142;953;957;500;651;-569;488;-763;770;-156;566;800;530;870;-475;362;-687;-874;-910;215;-478;692;-333;-402;-627;-946;285;296;-176;92;-457;-65
-525;964;-973;570;-43;439;-814;26;-984;-389;-453;-71;568;-326;-364;681;-515;263;174;479;-330;-390;-606;-898;-595;-650;-518;-854;119;-551;-695;645;637;-867;241;-25;1000;501;-116;464;806;-732;-377;-907;-860;-509;-360;-522;-219;608
463;-298;363;181;902;75;672;-716;-213;711;-787;-149;-81;522;855;-952;-705;128;313;114;759;878;-253;753;-566;-815;-67;61;423;49;800;212;-899;21;-842;67;238;562;-287;-463;-985;899;-613;-423;391;381;-599;-684;630;366
585;738;-770;393;644;3;-739;-474;854;-183;-950;-377;114;483;-95;-710;-312;151;-66;-528;812;585;808;-668;-649;936;917;744;961;423;697;-132;-222;-288;-122;313;100;858;522;-510;-1000;-480;582;-768;459;681;-929;26;-710;259
857;-782;-549;366;-239;-511;689;552;75;447;-755;463;799;-675;181;586;-482;-355;-460;-694;-592;-992;802;422;-683;-424;29;525;-956;-915;-650;-512;-795;96;818;-608;71;857;-98;-5;-412;65;-191;-293;-291;726;985;-602;-454;-848
556;-715;-894;151;441;-879;57;-422;510;499;-405;-715;-726;847;-127;949;924;-719;606;649;-770;505;-503;-838;302;866;879;-191;-742;-367;917;-275;-301;319;-430;-815;830;7;-157;686;984;276;727;701;-413;168;-846;90;-81;-16
-745;785;301;-394;-396;-54;285;624;478;-967;-772;-873;763;-126;-710;-247;525;747;596;-926;589;71;571;89;102;-663;926;-186;-349;979;-591;-616;-845;-921;597;710;-362;58;119;-760;387;182;849;470;-634;-473;789;-935;26;820
138;368;-641;89;189;-154;-118;614;547;-486;746;-580;-802;-113;140;314;137;667;-520;951;876;-99;124;-269;586;-291;-498;453;-272;-303;-345;471;-459;-945;740;919;-480;907;566;-714;30;830;889;762;408;-671;-838;922;-4;144
-642;-54;-286;999;-450;643;454;-360;727;-655;505;-731;-771;-229;589;-454;804;-151;-300;108;-526;842;-702;-823;204;-875;284;-51;106;-396;-391;456;601;448;-570;-976;-214;201;-4;-303;-625;-191;671;-821;295;-150;-750;-118;913;-156
-28;446;570;340;-612;-468;-235;-935;959;128;567;425;308;-293;-224;548;342;-82;-579;543;207;-182;622;-352;-163;531;889;808;978;473;632;605;-125;-997;19;-253;711;240;848;-921;-465;675;266;-558;-460;-315;-489;892;878;-897
943;-340;-286;456;893;729;127;-367;-166;-684;747;-694;142;-57;-138;387;-417;352;684;128;-499;-783;947;-952;823;-629;719;388;296;-940;-764;431;-79;-161;-310;728;686;287;-20;204;-965;-904;-735;-82;821;-955;-584;-58;355;-263
463;-734;849;220;-53;607;-261;804;527;-328;841;-721;-785;701;-256;-314;769;330;-164;437;127;237;-306;835;-173;824;649;-812;695;-802;-462;569;927;542;-399;-223;-328;886;-110;-985;527;-581;573;-562;-492;-720;862;376;-438;326
528;-194;-872;16;390;-494;266;-164;474;-713;200;666;370;830;270;123;460;889;-170;455;-664;48;837;631;661;-25;-912;30;-809;800;882;138;34;-683;639;-86;-320;-190;930;205;-29;379;623;651;563;-456;349;814;-931;177
-372;-726;-569;56;-176;-518;-515;-495;517;218;-982;214;744;362;793;-611;-73;727;-40;-183;869;678;490;567;409;486;-425;109;-85;808;-18;475;758;-530;-107;849;237;959;-988;-172;-338;-321;-960;-235;468;-51;540;573;-469;98
-860;322;152;819;-465;101;360;631;565;378;299;-585;979;-212;589;603;-380;-862;31;949;-405;409;-619;-41;78;576;-538;188;689;-160;928;-266;181;2;-992;-763;111;331;-370;-893;174;-402;297;61;-645;545;-14;-597;-391;-952
-416;-700;790;-890;182;498;-270;-870;863;654;-459;-283;81;274;-169;-329;-217;418;839;501;-835;671;737;-563;-852;657;487;-260;428;976;-205;846;-792;56;370;-137;634;-905;164;822;-936;-297;-828;-86;-723;-94;-858;-96;874;313
154;480;-765;-420;-268;-155;-256;355;-85;-811;961;-509;-45;-214;-104;882;-370;84;554;-689;-648;-54;-807;-797;997;-144;-929;-225;-539;68;-787;175;-373;-83;163;267;122;-894;-377;-207;516;203;243;293;-581;41;894;-202;-573;-400
280;637;120;-550;99;68;341;330;-108;202;187;-924;975;631;545;-757;-214;270;-313;118;776;-946;452;-447;-330;-879;-397;56;-251;927;824;-482;-402;69;-640;364;944;-15;452;-659;-553;-261;967;-984;73;300;294;-255;363;-689
-506;-301;147;-6;599;354;148;-654;882;-890;-764;1;368;366;-394;-193;-351;755;309;-376;-423;-834;116;844;217;908;-343;-266;428;366;787;713;-394;-627;-173;53;-180;-978;589;17;359;-503;-362;-520;605;291;-346;-94;143;20
898;427;83;996;1000;-557;927;774;409;-905;-986;392;-504;-996;-522;-282;-137;281;-416;601;181;-52;885;-922;-660;271;383;-585;363;897;-261;352;-353;619;-657;-41;904;-163;498;-19;87;265;376;408;490;114;-635;-643;-694;344
-184;483;-764;-665;-149;-36;-666;733;-570;-814;812;-151;-588;714;-575;442;-170;193;-645;-669;-8;-342;-934;388;16;726;253;-925;-39;753;426;-463;-537;94;-604;739;-968;887;-810;-353;914;500;719;-963;861;-807;865;-822;-62;478
983;-684;843;-71;121;324;-230;-723;151;598;-529;782;9;-942;-259;776;54;881;593;-507;-171;792;237;987;149;234;-111;877;425;-898;986;-124;267;-437;-982;-451;-65;598;-265;488;-310;-755;342;-304;-496;914;-874;941;250;80
976;-655;955;177;16;502;-366;-9;-97;865;568;-300;-222;76;-152;-383;-686;103;805;-146;-686;865;-379;573;-88;-283;-485;-710;999;-182;-552;282;914;-658;781;130;820;-522;221;-190;-862;19;-470;-848;901;114;-443;-868;-219;162
208;-863;-381;-9;895;441;-93;-913;506;-219;966;-612;-265;-488;-104;569;-335;-988;-758;-439;-720;797;112;-193;632;658;381;-882;-661;207;-521;-4;-706;-951;487;694;-510;520;111;-694;168;15;72;-68;-531;378;272;-543;889;-779
973;-509;234;-317;21;817;307;808;-879;825;326;-225;25;-682;-525;-344;260;-252;-845;120;389;-525;-157;-315;683;-697;874;-886;-785;-248;-463;-393;-378;130;-612;222;525;-282;764;662;-386;-965;102;540;843;929;438;803;-458;-439
829;282;662;-631;460;871;952;-24;148;-66;454;45;118;339;-956;460;-832;586;69;-289;650;968;63;-264;-859;-832;-279;112;-129;-904;577;-412;-857;-863;-542;937;-977;-938;844;229;-15;651;452;139;-571;-375;-18;-965;284;874
-966;-796;-654;-94;149;-176;-218;-809;962;-219;-804;-170;692;-747;842;393;-568;-326;-113;153;-951;-584;-96;-536;-572;263;-348;-558;590;639;451;370;-430;493;-615;-385;-881;91;795;-861;301;-512;744;-987;542;928;-894;909;-438;-270
-203;795;723;74;236;842;-489;-240;-532;-188;894;994;540;119;-959;372;685;-655;220;829;233;434;-582;882;-941;-207;-137;-467;223;-909;-681;885;-875;-476;96;694;753;-863;649;505;-818;-815;496;479;-432;-265;-512;290;-408;-36
713;-479;400;-484;-103;87;-782;-412;295;820;16;788;135;898;596;525;-88;-564;771;611;-962;120;191;906;714;-173;-405;-123;-170;-917;826;-549;926;244;431;492;270;-72;-506;-849;94;-231;-499;-912;574;-654;702;-135;166;-459
-303;-403;-32;981;-754;436;947;355;599;629;9;-828;761;-929;-149;929;812;253;-500;193;907;795;-777;-197;199;-247;-778;141;-861;-793;303;372;-595;-834;974;-11;847;-182;-257;484;-663;-687;-428;32;-97;760;-970;559;-553;-145
941;-865;-678;49;279;-999;-6;842;-816;621;-722;-151;-923;930;-340;176;-261;216;757;489;216;-347;350;-94;-914;148;-607;184;312;-763;868;-21;170;115;154;-396;753;-814;-817;124;-864;-380;764;154;-509;-610;-702;612;-592;-47
-500;316;36;-883;481;-413;873;-856;705;-937;814;372;-315;-298;-884;409;-307;-544;866;71;789;664;2;752;-679;-328;-121;279;312;-391;418;-283;-938;-75;205;-153;-523;734;-766;814;107;427;-483;-189;-459;-325;634;967;135;-746
786;-190;-411;-143;173;339;-633;490;323;-390;-689;-687;-166;728;612;-645;158;94;602;-940;-619;860;-707;-187;-736;77;-958;-539;-924;-55;-333;823;-364;-478;967;-850;-423;292;337;505;908;-542;274;-563;535;-748;-383;421;436;362
963;-956;209;57;699;-174;-743;621;-524;999;161;-87;853;14;-665;-827;-323;730;421;-776;559;-764;461;46;34;-887;-361;-428;-653;928;-658;127;463;805;-533;-678;-449;-157;816;554;-323;-567;-929;-840;-652;-241;984;309;-422;-562
726;970;-960;-287;-213;-584;281;-153;203;967;732;945;654;204;-972;-186;-309;674;-646;373;82;211;253;306;626;-369;-650;-483;180;676;-160;288;799;-741;214;-911;-137;742;191;-487;617;-765;204;-227;517;759;-460;939;-548;329
88;941;-851;-347;109;-708;4;242;-880;139;474;96;824;120;-540;264;235;-70;798;-136;304;726;-480;-744;-789;-766;-621;-224;845;269;994;-776;-391;695;228;-11;505;-360;714;-759;858;835;-111;-811;386;276;349;-556;246;-554
-624;-989;-305;640;-414;-568;-993;-604;304;-583;195;458;579;-747;76;376;325;276;-260;827;-857;-418;297;819;-796;-553;624;842;-317;652;46;86;-595;7;433;-427;-714;-805;-729;-143;508;-719;-358;-907;218;-175;-168;-232;-637;790
-383;-846;-303;-884;-817;-889;272;423;-330;-290;264;21;-232;-122;-158;-535;-806;526;-58;-144;-633;183;619;55;-323;-105;-436;680;540;256;495;-108;907;-169;209;-295;-558;-443;409;566;-569;-826;-714;618;378;70;103;-992;290;289
880;768;-207;472;-887;-897;177;-810;-670;-326;-309;259;457;99;-327;-309;-700;406;-398;259;-667;45;-136;-74;162;670;-388;-177;445;507;-735;74;-828;518;-409;-963;61;1;403;158;145;981;589;165;498;-331;280;390;196;54
94;-118;945;989;279;-478;-515;447;419;481;-961;997;-312;-144;85;768;744;281;57;768;547;348;18;494;-57;891;-155;28;-471;-290;-472;-225;771;-770;390;-561;-918;146;-600;-266;-128;-319;-824;175;711;-618;-635;855;730;-206
-875;62;-117;-879;-557;550;-62;-961;545;671;454;-262;179;757;-906;884;731;-603;52;-365;-194;361;-702;-28;455;502;-75;-625;15;-801;450;158;-397;-933;513;113;-273;-269;-669;-269;-919;-799;742;-211;-535;-146;-354;4;395;750
-991;448;-815;-283;742;-940;-153;-717;69;-364;91;-161;384;-639;477;-945;889;-734;-358;817;-353;187;-371;462;471;-608;270;-941;-249;952;683;-837;-569;21;-662;-2;680;-67;-735;409;322;790;761;-91;-577;-320;-722;934;254;375
-230;-19;-622;245;-867;501;-949;979;245;948;-504;633;-391;-415;867;842;-154;463;103;647;-852;-3;557;195;38;670;287;335;237;39;-415;-718;-567;134;880;-457;184;-348;-790;73;-25;913;-402;-230;639;-879;-944;-159;-442;-203
-315;-507;637;458;-427;-980;-451;134;658;-496;788;761;710;-321;-861;423;6;526;-753;-169;751;-883;182;-739;633;509;518;-252;-966;342;328;-967;443;651;-209;809;398;-457;-771;-58;-932;-18;288;306;703;-676;491;307;530;112
-796;-942;646;107;972;708;-98;-659;684;-404;490;-219;-381;51;-631;910;-810;44;536;-104;983;745;-635;-49;920;-621;126;841;410;518;-11;622;931;-712;145;-830;647;-52;693;487;838;697;617;-281;87;-152;-620;-155;-765;-521
-187;278;838;846;17;-258;220;946;130;145;244;246;89;850;-374;671;-592;-775;-66;-97;277;773;934;-928;854;305;878;245;715;-289;913;-401;-671;502;51;-213;503;710;-626;-201;114;-186;997;213;-237;-431;-179;737;626;-480
525;146;651;179;-671;-346;-826;133;-72;730;-783;650;-276;-129;317;35;-456;-676;-568;-81;118;501;-142;-218;699;-64;795;-904;-763;-293;-262;382;748;912;60;52;-902;888;-35;473;-515;837;-636;783;-884;43;-820;-873;-820;693
499;91;222;84;-829;188;59;-961;-672;-642;77;-231;-794;453;-325;-417;721;314;584;125;-295;-586;-927;-78;878;-929;922;530;225;938;972;775;-960;590;-183;-735;-775;-472;-8;-523;664;-786;843;-569;466;672;29;-452;-339;-192
486;-452;-196;578;-537;863;-461;947;-501;140;448;-168;581;-831;619;-811;-53;761;-172;965;597;974;251;-413;221;172;-639;78;-724;-490;-575;158;623;-971;-510;-393;104;-369;964;35;351;252;354;-260;752;398;-37;295;-987;-132
232;-628;8;660;-101;405;-621;-862;783;76;415;-925;139;576;-994;-408;-4;388;-735;590;462;-611;799;-151;-751;-388;-605;-829;381;-397;928;-902;607;-191;-666;675;-686;773;682;197;407;-341;35;761;-40;-70;887;-643;-404;-96
-186;-328;858;120;-464;-900;396;-927;-753;-247;832;-299;540;3;892;257;810;-797;740;-382;-19;425;881;133;-84;-616;343;617;980;339;-916;-409;198;668;-882;-747;874;869;237;68;994;-197;491;136;156;-25;-575;-887;630;873
818;330;-247;163;643;-83;-985;241;-278;-968;848;-203;-466;-775;397;-40;-422;719;728;-557;946;-475;610;482;210;-810;352;-622;10;-838;-437;-967;300;729;-126;366;596;141;272;995;811;388;114;139;708;417;-68;165;-245;-677
672;-293;618;388;6;667;263;-411;995;825;678;412;485;-849;833;-348;471;520;445;478;144;496;-778;-588;722;-212;-75;-616;526;117;-715;12;-286;922;243;86;-824;-348;526;-657;609;314;-190;415;773;-153;-902;99;615;-523
-28;331;-369;-877;-40;526;-689;553;-542;-262;60;-849;-489;386;-521;-641;279;-942;995;-319;-212;165;870;38;-190;-837;-972;-259;-228;804;257;-559;-804;810;-712;331;83;348;757;-594;494;611;107;523;796;-886;265;72;985;396
-830;341;633;413;825;908;-174;-253;-911;-248;-560;72;486;-634;-688;-455;918;-979;-147;140;-729;-265;636;610;-871;-119;327;-424;-943;-24;-799;-84;-490;-74;273;-701;-211;315;924;-137;-744;514;-806;-899;288;-93;-691;641;108;-287
-929;126;545;768;504;966;521;65;356;-617;592;-289;281;985;299;849;144;-439;-871;-743;810;981;-359;-81;549;7;385;-276;-332;-457;20;900;704;66;182;250;638;-772;825;596;-595;455;232;718;829;-263;-446;104;19;447
-586;452;667;-646;-65;637;209;928;-420;825;309;535;988;-281;-531;-452;-539;544;220;-666;130;-29;-225;-353;-316;-189;734;959;-580;439;128;-768;-800;-507;447;312;908;526;-819;-954;539;324;-799;675;830;940;38;159;651;119
346;975;-927;882;-348;-345;6;-851;524;-155;769;905;256;-388;452;-62;-293;-155;507;-888;906;186;-775;-484;-213;-687;498;-879;-550;48;-370;291;-53;-964;964;37;499;433;55;-726;-386;-827;434;-857;694;-830;47;-384;-724;-879
-202;-630;303;-784;-893;-104;-176;13;594;360;430;-518;391;851;-396;498;539;-486;-700;841;-770;-26;722;-343;502;770;-415;101;-850;-274;-312;-698;934;62;853;-105;647;832;-553;528;-533;-243;-741;59;-928;-906;-315;311;-495;41
699;887;126;309;347;262;889;-864;-889;785;467;-212;549;-960;-366;506;721;55;75;21;867;-60;-613;31;-261;-491;333;-253;562;274;-518;-347;308;534;480;-549;-103;594;-814;975;316;-330;580;593;-190;63;213;809;-252;-583
-928;575;396;957;108;-709;-20;-809;-727;-280;-49;-952;303;132;-194;444;543;-771;794;22;278;398;422;487;-66;56;-84;-878;50;-245;146;189;11;413;-300;519;-527;-923;683;890;-450;-778;414;-117;-22;609;-690;901;645;-988
608;-525;396;984;-43;311;512;130;-557;-307;-12;-997;759;137;-569;518;-724;196;-79;-470;-240;32;171;-235;-502;-754;-866;-7;953;-451;-420;-407;-291;-643;475;-600;-403;820;712;-921;-392;305;605;-210;-577;-362;714;-403;999;-832
431;-629;633;916;-452;355;235;-968;-269;-845;-357;-919;842;-168;229;578;126;-79;-835;-396;-31;-691;-663;286;-460;-633;-357;-826;409;-895;853;-842;-239;-757;-506;993;-750;939;764;-1000;-776;265;488;60;820;843;384;-271;-299;-711
-898;48;716;-348;-676;63;-617;450;933;971;-282;326;481;879;-724;684;-131;-671;603;-703;904;995;76;809;143;-943;586;946;310;942;-966;-761;-933;774;329;392;-320;67;872;644;906;365;-361;-428;41;-83;464;148;-936;-336
860;378;582;456;539;983;-969;-164;694;323;-755;397;-528;-82;619;-484;-111;433;-188;576;781;-235;-272;398;-760;-999;862;-999;437;658;-549;-176;516;168;483;-655;-391;837;286;-120;-992;315;49;-787;591;-36;166;-568;372;744
40;-147;-904;-932;-977;-437;290;407;-978;-470;-550;-810;180;-835;-595;-230;-425;-245;-373;490;-469;112;-134;27;672;-793;-642;502;-482;-53;102;-936;-111;-850;435;560;-222;829;-249;-596;317;504;715;388;422;-903;756;110;606;-922
896;-462;-586;-805;161;-296;-847;-943;-624;367;378;968;-492;200;943;-964;748;-407;-161;668;-455;442;40;338;654;266;74;-955;213;233;-948;-724;-174;-924;-518;230;-743;-376;302;-4;257;715;863;0;-720;883;293;-630;-892;187
401;-362;-704;356;474;481;-923;266;-438;22;-887;-281;109;220;120;-660;976;706;835;73;809;-122;-100;-117;458;517;-895;442;-632;551;-628;-325;-538;428;-566;700;-885;740;-169;-8;-158;624;206;0;475;-160;234;261;881;865
-565;-227;369;296;701;666;-41;-379;261;464;593;701;562;-75;-327;467;-670;-593;-104;-848;732;393;-940;400;-587;534;883;99;-305;-511;-482;-707;988;-410;337;-918;786;255;-156;-733;-662;731;-474;317;-448;506;-616;-45;-462;399
348;732;232;-985;557;508;-4;-621;918;750;593;-559;838;334;110;-356;869;-593;-412;-163;622;98;-891;14;187;-386;737;763;-168;-823;438;535;411;483;900;133;290;953;0;687;-598;159;17;440;263;-708;-269;-21;-340;255
-628;875;-190;899;-583;-279;-553;805;152;-87;654;46;-299;436;-675;996;910;597;705;-219;801;567;-762;33;-841;119;-320;-380;725;-881;-348;353;-976;66;391;-277;-277;507;-40;283;861;-620;-460;-472;-965;742;605;-476;609;327
-544;-765;361;-624;-289;-196;699;-325;735;-150;588;-162;156;-524;233;-536;127;-730;-674;842;-741;-374;326;-100;92;-696;125;244;86;423;-938;-798;-162;-322;880;807;-213;-343;-117;231;805;-593;323;-496;432;650;846;-188;-505;-433
-901;324;-58;-109;-593;-123;-866;-163;375;497;471;381;-640;998;470;-866;-670;214;-745;-772;134;111;-677;159;46;-985;401;398;-450;829;-563;375;-636;244;248;604;592;-13;-793;300;845;-605;-33;-40;0;628;-260;104;-8;-365
-339;723;-276;-678;43;-177;871;-764;173;786;188;-76;0;-986;-871;-386;657;-260;693;422;-789;-286;723;-998;-418;-955;-706;316;-520;958;-602;-72;594;-81;-138;-688;-666;-263;-938;108;698;-837;-832;-270;-487;-989;544;407;-840;-454
181;-382;-366;-362;-617;79;66;96;-600;-522;-282;-50;-215;-680;70;338;705;374;-414;-43;386;-845;-312;-688;541;249;-269;-237;934;362;389;-15;446;19;-496;-254;-186;315;476;310;-879;-834;910;532;211;922;-639;637;-600;-37
971;372;-50;600;784;-508;-671;881;678;-315;580;144;-13;579;-354;-912;-986;-866;608;-610;-817;222;255;128;541;-894;-27;-742;-151;-305;-547;-538;-104;-192;-962;398;527;259;278;923;198;-18;902;852;-720;-829;217;-591;701;523
-182;882;770;-902;274;289;-763;-222;-618;368;-68;990;-103;-270;543;-418;321;-188;-31;365;-238;610;1000;-419;-673;413;631;678;-818;48;-849;621;-893;448;686;-26;579;-573;424;-491;442;-552;863;-835;-272;879;390;202;175;502
-121;799;-722;-610;-910;135;445;564;37;-546;-999;-987;-615;655;686;396;-935;-420;22;62;316;317;565;-895;-194;-784;310;473;-71;884;783;890;-731;-77;330;-857;-745;-696;100;995;757;-875;773;-649;-133;816;232;31;816;-850
-258;-544;-334;510;-316;-226;-767;-156;747;6;141;356;500;816;-299;509;342;-58;276;-551;-434;400;-280;-225;719;855;179;-628;-788;906;365;-307;571;-346;896;-936;700;-591;-613;-532;-337;-746;-437;-832;-335;600;886;-414;121;658
673;-418;-970;-811;260;-770;888;98;-23;953;848;217;-660;-233;378;426;-553;535;-829;-357;-932;567;-789;-145;362;793;187;112;-119;863;324;436;-555;714;356;-471;-55;828;137;714;-214;66;-464;229;-221;-561;491;-644;-360;-319
-171;712;765;619;847;-883;237;300;-348;748;-598;-673;559;487;807;-896;506;-542;243;-211;-322;-159;298;-179;-398;-21;823;835;454;181;219;-566;-941;661;798;1000;672;-914;-616;688;-361;-323;-317;475;401;-903;-621;-785;934;134
-315;-818;81;-93;-998;584;-28;-533;-256;781;681;-3;795;948;-645;-93;966;80;-921;-345;-579;-70;-865;121;-975;90;-708;484;-949;259;793;-371;660;139;825;755;-686;691;-761;-263;-881;-304;-887;-788;629;612;921;727;394;-137
-395;12;486;949;-278;-206;955;-549;830;-885;-350;-667;962;30;571;917;26;143;-943;-565;-344;674;-254;-395;107;-815;330;-205;-123;-803;734;-111;780;646;845;-230;-803;382;742;-279;-665;743;829;-111;100;-749;24;525;716;-284
-597;529;759;-783;-957;-392;886;-29;282;334;538;-794;-955;154;-756;-158;-245;-967;568;-149;430;145;125;834;408;261;894;-456;584;-112;584;401;-794;-871;-845;989;-673;230;-75;762;537;-194;192;558;-418;-886;618;-668;-118;-565
143;-441;-368;674;-34;-758;-710;-832;-871;-440;-773;223;-615;169;769;-309;-956;-302;-728;40;825;950;128;-146;821;469;-572;998;591;41;701;-702;406;-419;-979;264;497;856;-747;-400;923;-284;-523;191;-898;147;322;3;733;185
-876;-708;-954;900;707;-817;-938;-792;-297;-952;81;-24;526;-24;-854;-21;-289;400;-551;491;-509;509;-805;879;-473;-3;-900;752;648;45;198;-634;408;-216;-216;-236;-179;-901;-384;-549;310;-853;763;-298;-63;133;-848;213;470;997
246;478;-696;-321;-767;-176;776;129;-26;579;-14;-92;-609;-961;-717;-430;103;-281;863;599;838;965;-382;447;-696;521;270;42;73;197;-919;447;942;-414;145;52;703;-730;209;-124;-723;731;-656;-118;-910;-529;343;-805;-530;141
271;-906;893;-936;-400;495;-58;676;256;-15;783;428;843;889;87;-172;844;-470;-74;34;657;895;291;-82;-59;-386;-302;781;-511;705;936;482;-756;509;-192;918;-538;-237;-155;-999;-700;-63;322;-625;162;196;-646;223;926;-446
-836;488;38;-677;965;407;-256;65;1000;444;146;646;-252;-487;-776;-631;-340;440;-867;681;-160;649;127;-618;-311;-214;-488;-323;508;-341;-826;827;-285;240;573;-734;-470;-851;-500;66;-823;-368;-290;65;-200;-415;471;-907;-361;805
225;-809;832;715;-414;501;582;545;-11;-301;717;560;611;679;604;232;327;-683;897;30;278;413;-625;338;-430;-59;-569;-880;634;510;-601;-575;-537;527;-739;692;-406;169;310;122;646;321;863;-177;-274;-682;-446;257;245;125
-24;753;981;-814;-255;776;-857;926;763;-55;932;-812;-292;192;-374;-79;-468;-650;133;487;129;-141;164;-597;350;-70;734;-422;858;-214;-719;-664;-144;-409;227;204;-106;-968;-914;438;373;786;348;170;650;-923;818;152;-33;648
393;618;-920;-391;702;161;-930;-115;-384;-198;135;171;190;-678;-35;790;495;967;465;-183;-883;-781;-52;399;520;80;-121;27;-419;262;401;998;848;-428;86;191;-931;-764;-931;-31;-101;434;443;-755;704;760;-5;-217;-903;36
942;-208;746;-318;795;825;166;36;620;-419;-835;-506;887;-41;595;-876;129;813;-512;-512;-621;-423;-831;789;16;823;398;59;-479;-904;-940;-921;816;-858;-208;977;-721;-77;-969;759;-35;-771;658;-550;-593;-236;-679;107;731;-845
-123;-616;-639;-860;-128;995;661;-504;196;-590;985;-99;-468;255;-173;-150;432;-567;-516;568;620;-332;-984;779;317;-127;227;-7;681;-425;953;819;539;-8;-954;-321;-54;-130;-717;-442;-991;133;628;-616;821;516;-385;117;-63;706
-467;-352;-818;252;737;-169;405;531;-872;-21;820;-138;558;795;335;-713;-485;-183;-278;429;-763;312;-681;590;-880;757;-877;-320;-76;-407;-993;-166;-2;-933;-510;634;-297;663;420;125;471;150;-725;451;596;969;296;526;789;-752
711;602;-95;-335;-538;916;-240;-701;642;-899;-297;-840;-39;319;-255;-415;-55;-430;403;-999;-952;-401;-866;-320;439;-652;-1;706;638;-460;863;522;401;-941;-802;855;709;-501;810;-985;105;-453;-24;-623;44;-357;-567;254;-276;-286
-880;528;367;-895;-270;637;466;492;323;-620;-356;-314;-523;-917;-552;970;544;856;509;-540;91;-16;646;107;-460;821;-408;-441;-947;354;163;-216;495;-138;-656;-595;-364;862;-487;-734;611;-845;-17;-152;-206;-230;168;780;894;-879
-417;761;516;478;30;761;535;808;464;150;-557;147;628;328;794;-980;697;881;407;685;-600;-243;-832;-141;206;-492;-965;-899;-809;-725;-866;-86;222;398;770;-915;663;608;-48;-514;-768;-647;-543;527;724;308;-824;-359;-747;967
-542;-344;358;579;656;861;-870;254;444;576;-73;-932;649;-17;-425;385;-815;-744;-732;-501;94;164;-336;-954;-804;-985;-322;177;59;475;925;185;-303;-962;799;179;-532;225;-88;-786;-618;796;-859;192;-709;396;-195;-101;696;-771
-630;841;-89;316;-282;851;731;397;2;-691;451;523;367;-119;-227;167;98;458;-558;701;872;-640;-759;-942;-820;989;-57;-473;-150;968;-532;-480;130;636;766;117;-999;-576;-782;661;773;-659;528;-857;710;702;-335;102;130;-903
423;622;-501;-85;-241;702;98;-760;11;499;-273;-75;-845;-566;589;590;-869;558;-526;721;611;787;-917;-461;649;415;-775;-429;-254;507;-585;-486;324;748;392;180;-395;86;-887;-119;222;-190;192;-42;-904;530;774;-919;-205;-545
-831;-797;-306;752;-812;13;-378;-558;-681;265;-557;604;-105;631;858;-207;-778;-86;751;385;718;-703;776;-105;-235;-559;-814;-689;186;580;643;717;-615;-530;-533;-55;-505;482;-148;535;776;-532;-486;-85;832;-188;-319;85;260;622
-21;584;554;327;-835;-763;-345;260;-288;988;911;-862;-472;781;-261;-566;177;-522;-612;-912;-867;-822;-90;-416;360;205;576;23;331;728;-948;359;119;316;-929;327;922;992;43;-828;794;-200;-866;-862;-278;-455;-652;7;538;-811
332;496;665;819;914;-770;146;145;455;-692;-904;505;655;-344;-532;819;-920;-60;518;216;-714;722;-918;-58;892;584;-149;210;439;724;-36;434;-760;61;-222;-170;245;-197;-57;-268;-564;437;913;145;130;-733;-890;-137;-374;-689
917;-917;-654;-723;657;454;353;957;-28;-928;-279;-226;708;536;-913;-122;470;777;-782;506;-639;487;558;-892;277;-269;-756;11;409;55;-927;-382;-328;-890;-856;-911;-305;72;771;907;46;-967;-966;990;-353;-751;464;35;668;978
-785;302;-174;-551;989;313;344;90;187;723;575;-876;283;43;-889;45;796;313;912;812;455;65;920;-481;-335;-904;381;-717;-479;986;45;-392;-477;-557;-240;30;-382;489;-152;955;-80;864;754;285;-765;474;541;223;445;-484
-887;-404;-990;-461;-676;-830;51;-255;-886;-33;-691;471;-558;-460;-313;-436;68;1000;-155;502;986;-714;-724;-526;-989;-6;94;179;-54;-285;-840;-499;145;243;774;-278;938;601;863;-16;-438;707;-290;330;-338;689;-7;-256;-213;-602
812;-750;-274;-754;507;-680;-952;103;-274;-170;642;-400;746;-872;-732;758;-847;-902;811;316;-898;-667;-526;-336;543;41;-411;-943;706;-645;809;-137;-436;-695;-415;-191;-312;-743;-794;-434;825;-22;995;-409;634;780;-726;357;761;-722
736;539;-288;-857;975;738;-597;-30;552;981;919;-489;-671;773;-398;-618;-449;767;-361;191;257;-432;-32;-36;-698;-766;455;-557;-409;-692;-621;-96;211;-425;471;-185;-793;-953;-899;-339;-808;-335;-981;-909;-794;472;560;-388;-438;279
-506;-934;-506;-668;-167;924;-932;-358;-819;-136;525;-407;-172;-658;287;-315;223;-307;-787;831;-179;-21;646;-952;613;999;-281;-989;-790;828;-237;-382;-269;-699;588;-533;384;739;88;179;-872;321;-696;72;-653;611;-281;-732;898;-197
981;566;36;-673;546;788;-799;-56;-916;-707;-799;-832;991;891;77;-330;49;-669;13;-183;-442;623;159;182;-351;261;210;119;-936;580;-718;-68;789;897;-406;-580;-950;913;235;-307;351;-878;-320;32;-201;-890;612;-589;-144;-29
-632;-773;-119;-911;836;-111;923;171;947;-215;-851;-823;851;-691;545;367;844;-393;-628;-741;-840;185;-116;978;-863;-333;-756;-842;-575;-255;941;-262;-958;-277;-568;129;934;377;-1000;-368;212;649;523;-299;139;416;269;348;-903;-561
906;303;627;383;-283;-442;965;376;578;832;-812;-731;-661;-36;430;-710;230;671;15;-848;-823;-147;-625;372;-366;953;238;-762;-146;824;422;-672;-745;-224;-49;757;-307;-230;714;581;260;-40;-690;849;-668;-2;843;-230;-175;672
841;421;-339;768;485;-150;184;560;528;367;828;-310;-581;80;58;647;844;659;-306;452;-124;4;220;352;-15;-593;-522;-482;-328;480;-519;466;-620;842;861;156;129;-118;537;-226;-342;537;810;687;254;463;915;8;677;-674
477;-652;-188;356;-88;-935;889;705;-584;-24;468;361;-33;791;-203;55;-471;97;-2;-278;934;-700;-791;520;-465;606;-987;-732;-817;379;-158;-978;595;133;835;520;-313;8;-782;542;-667;-511;-23;-415;203;-237;-665;-227;85;-340
823;-409;76;-170;-841;52;666;-433;-125;724;374;-911;-443;89;53;411;683;-664;-110;-94;-454;-498;-853;-551;33;-921;535;721;173;55;392;306;-864;218;-76;753;-262;-260;-277;139;-47;710;-655;996;-111;572;-978;-360;916;625
669;749;-221;-856;483;-158;537;-73;383;-242;-323;-150;850;26;-505;972;2;-61;-61;-407;-192;-542;384;-311;802;-275;597;-163;-327;512;-977;243;-876;365;-967;-129;-382;-194;-902;159;995;-94;-65;-614;-341;-485;-710;-962;718;557
604;755;913;-169;908;-68;-861;862;257;453;-898;-493;754;-983;-166;-699;546;-956;-485;550;-866;788;468;627;127;-326;-125;139;446;565;755;-715;-674;-291;-2;40;-530;253;-872;-874;-883;335;-643;178;323;475;-522;-920;140;-18
-94;-508;811;963;735;625;497;-688;-746;410;473;256;-147;320;870;914;223;-983;926;-559;706;985;-478;-831;906;606;388;183;967;-717;-98;182;-218;-307;725;511;634;-321;-993;85;-49;2;933;18;-179;90;-924;-745;-728;935
116;226;216;576;-411;-341;664;-571;-663;-453;681;749;371;510;-126;-939;-63;-809;842;-956;564;-270;429;-459;277;882;668;-715;907;-141;303;-892;-404;664;138;990;14;-594;-695;159;691;357;-628;-825;945;-46;-362;-196;-15;188
-415;634;567;-984;358;-230;-680;-798;-882;-630;227;219;-985;-367;3;-337;438;-25;956;578;559;386;-499;-900;282;-134;975;-822;-795;-111;-634;680;-330;273;-767;506;-741;-459;-884;-800;-373;-374;997;291;132;770;31;-695;-253;-449
975;-75;54;246;-25;803;-41;-547;-644;-916;-341;898;-247;885;-998;844;-628;643;-638;668;297;959;817;174;853;293;-849;766;482;-526;-587;633;504;149;-106;488;-594;-10;918;-204;436;-88;-840;-70;-853;-366;523;-593;731;-613
-358;-395;-879;887;-115;-836;54;-651;824;-91;932;391;537;-317;700;-313;443;382;365;665;107;-273;774;792;-708;-923;-445;-827;952;788;60;-839;719;-463;-901;687;-723;970;-5;-368;-114;-961;436;268;-644;-264;745;402;787;441
-677;993;109;481;311;410;557;477;176;201;-838;890;-37;-106;-625;683;364;585;-22;-297;-749;-155;-351;-184;546;10;217;-632;54;176;108;997;604;618;-157;700;673;-927;-354;954;-313;-718;-828;-220;447;628;-667;796;44;-850
-745;-854;-938;-146;565;603;-373;-18;-256;-398;-943;360;-846;-415;-799;979;864;-460;-218;581;-352;-81;-602;710;560;411;-485;146;749;-58;836;933;-19;-794;715;-635;827;-686;11;-541;-442;186;71;939;-985;159;876;115;-371;-890
22;521;986;915;800;-51;33;807;866;568;807;-982;411;-433;20;-878;870;-891;-556;-754;-12;-656;287;481;-744;819;-104;-915;-229;-433;-504;-938;233;458;-777;330;89;-301;-688;597;454;-928;-595;-23;467;-620;-691;-356;-928;721
-866;677;21;-47;-65;-812;-837;804;-596;332;-438;-282;-960;167;-907;-263;-548;-458;-983;544;-259;157;133;765;-909;-939;707;-364;378;312;130;-684;532;-538;209;208;45;260;-533;-707;20;195;112;-785;901;395;-731;-36;-558;595
344;69;-103;-622;856;90;-136;839;552;-985;360;-824;992;-501;-833;-753;-204;72;-359;773;-64;465;-977;913;306;-231;-818;197;-199;-69;694;-325;-6;-318;-716;908;-991;-223;432;-488;-803;643;455;-886;348;458;4;344;-77;-729
-243;-816;-825;860;585;-485;-122;-529;-475;122;359;447;-118;55;758;392;-533;-643;-755;743;-626;647;502;145;-495;288;489;-832;-369;953;730;-925;-783;884;84;59;-643;48;-417;911;-411;976;-52;371;-415;565;-486;-348;798;788
-518;328;-787;496;-601;219;-605;419;-13;732;698;-349;-747;-872;407;560;829;519;280;780;-213;-315;-501;-866;-301;-207;662;-478;739;-139;720;294;-394;-721;96;-299;411;350;607;715;-995;485;-807;-13;-687;917;-943;-878;-492;905
7;257;-401;-189;912;-256;-841;868;443;-914;-99;-63;-612;-574;-945;40;257;-907;379;824;543;732;-368;839;-189;-875;151;129;-558;564;-88;-580;634;47;115;-974;-963;-1000;-957;739;463;697;31;-870;-162;689;236;964;120;967
-130;-708;986;219;-805;49;216;-354;43;93;438;-661;-44;793;34;987;-831;431;-710;875;-827;-784;481;90;-821;-126;-739;871;-623;-876;-245;100;881;950;-813;696;-846;-320;777;356;550;-524;714;752;133;167;704;905;-898;-824
-434;-575;200;-138;-886;-139;749;-317;419;-314;-207;665;-627;826;646;-279;-94;53;522;559;-659;-775;-758;46;-117;127;-186;-856;322;-381;-348;210;787;-120;-17;76;-349;-120;-193;-947;202;70;-8;818;-817;888;-210;-881;-458;596
-665;-524;-705;-418;-442;-267;552;-310;650;-658;238;-360;143;-67;-824;417;-923;579;912;486;-273;375;616;-926;-373;-943;-249;870;559;-977;705;-998;-184;678;-987;730;-53;-436;-390;-57;-960;579;928;-447;500;-885;302;268;-480;-820
-167;-88;-921;-188;553;797;-118;-247;864;-457;-428;649;-109;922;-599;264;-594;-846;-200;297;-382;-688;-22;-525;683;-48;11;590;426;288;-503;895;101;-540;328;-681;-52;-281;-398;-978;451;10;-782;269;-262;-210;721;425;507;-337
-629;107;-662;206;219;-640;642;545;-819;701;773;-858;-67;-729;-77;377;-679;-218;171;294;-814;-55;-240;-563;703;-984;925;-502;-164;-480;-912;587;204;527;936;114;273;793;433;-464;-597;-697;-807;-608;743;-353;558;-525;-683;-570
-562;262;-781;465;334;-757;340;421;798;-1000;528;-466;624;962;-686;556;-888;-516;-592;239;-219;918;281;-355;-441;567;-868;-766;-948;-909;-690;203;734;-107;306;953;620;187;-919;-660;-382;-430;140;683;246;-399;239;680;-203;-159
847;344;774;793;161;-6;863;590;97;693;-399;917;-343;369;455;-553;-445;-682;-342;-145;125;364;350;557;738;-368;541;-941;489;-378;140;-353;227;207;700;-30;365;-868;-4;920;913;992;909;-816;-478;-733;775;487;636;-597
262;10;551;-4;-414;-156;-645;323;-852;37;202;37;-609;277;-760;821;986;-606;595;543;699;-99;-2;214;914;-668;-320;756;-395;478;-185;-786;334;-298;-380;-908;810;-87;291;18;142;881;-55;631;-585;552;305;812;-837;-840
-127;-315;530;930;-137;-502;850;158;-747;-671;876;-391;124;683;-252;579;-755;893;-757;354;-963;183;813;572;394;231;574;437;-737;613;311;-669;-915;-574;-942;618;-29;-193;-698;762;-466;-899;259;456;160;-269;536;-896;-799;855
438;-938;999;110;499;-141;655;-392;991;472;-915;104;337;370;93;680;-487;-213;28;661;-539;-761;-857;256;-601;-277;-865;-816;-316;838;751;484;226;-409;153;626;-867;334;-562;-697;322;212;456;535;809;-888;915;72;-252;-436
134;554;-1;109;272;-866;290;653;-689;91;-790;484;-760;918;510;560;-10;-153;-281;-266;492;-921;48;126;768;977;122;-941;-149;-498;-406;-803;649;-796;-274;42;-699;623;468;26;-467;442;-902;190;166;684;-458;592;-917;613
331;636;309;-954;39;-893;-192;-820;-915;-965;388;834;863;-617;-574;96;-67;632;-278;986;751;-206;-597;-318;328;-219;-936;-376;-312;-781;93;-546;202;655;-411;921;-988;-416;-935;795;143;-631;201;-568;-995;-440;-463;63;-789;-543
597;-885;216;-644;-352;-585;585;453;778;592;780;-725;-548;101;198;-615;-776;133;184;-719;323;226;-732;-337;-309;640;675;471;-584;-933;-665;-290;-720;625;223;411;839;-758;-801;471;772;469;795;607;-858;977;-845;453;639;786
-979;752;-386;-684;-633;736;-293;-248;817;-177;264;-827;-906;146;980;931;-902;374;521;22;694;160;-321;-24;957;739;-940;-895;597;-469;-740;223;111;-722;703;-245;551;-304;626;611;-321;92;847;70;-564;-409;-755;577;515;-893
-66;936;211;27;240;-54;-121;253;-944;264;-492;532;576;716;-162;-367;76;-207;720;-702;207;759;-462;-701;958;-562;122;760;-624;521;-619;-254;-898;720;154;79;-539;-979;-189;-765;-63;-351;594;241;370;-333;-124;898;-873;-645
586;195;-360;386;-970;85;-45;-487;-122;-755;-758;918;-592;-63;428;168;599;-475;663;-526;-81;188;-451;-659;689;275;-53;158;31;621;215;-629;-576;-706;460;-135;-1;-400;515;243;315;-322;364;-355;757;-747;952;-343;497;-962
566;-318;53;-773;951;-779;-473;542;-957;597;-477;-655;511;42;-906;-930;795;796;-603;-215;630;378;61;424;-100;-483;-19;-798;160;801;267;784;-584;900;724;729;-382;-173;127;731;-625;96;-247;-278;-320;-87;-638;243;458;-797
-628;650;-684;-149;375;196;-248;479;-344;401;371;188;-249;124;-192;-650;-277;743;91;-622;242;434;-881;286;713;-670;-415;992;940;467;23;419;803;-358;-960;-226;940;-227;347;377;-445;468;308;739;645;269;624;10;907;591
71;-183;-172;538;933;-569;-251;913;-344;-583;-926;-682;395;28;399;728;211;-56;698;-83;-936;-8;-81;747;-520;-577;439;-303;393;-557;906;-475;-655;380;-288;708;171;-583;18;256;471;-971;179;693;-479;353;128;587;-498;657
-13;-719;-565;-517;-981;-922;108;-393;398;745;905;-569;-545;-425;684;-255;-988;-386;-89;31;980;-148;159;47;499;28;-129;-274;-84;53;974;199;-557;-771;577;-341;484;-418;-393;-85;842;551;713;-702;811;637;148;243;-576;588
-854;310;-548;-6;-869;-97;-274;582;130;-578;-24;-145;474;-976;739;214;-838;618;-1000;600;-802;-237;548;-923;36;822;353;540;139;508;886;-300;905;462;-263;535;918;-650;-227;-465;69;845;821;-539;-931;900;-866;36;109;805
518;-215;493;583;486;467;541;-920;625;370;924;-472;-15;-336;-338;-478;-431;486;-536;255;659;709;43;-437;-963;-207;51;658;885;526;-6;938;-438;509;29;-146;-701;336;289;415;195;-829;147;-922;674;485;176;-999;311;-535
-660;-588;-738;470;-13;677;950;13;11;364;-397;-668;569;516;996;-457;-517;778;-217;669;-277;-250;440;-296;613;57;278;-121;-366;214;-102;-686;-434;697;-184;345;-636;-547;-718;-600;-111;195;370;842;-129;379;-666;617;823;-344
976;-408;-511;-459;-635;95;-253;740;322;574;-540;-560;-870;-241;920;-615;268;341;-561;465;867;598;784;-26;-251;50;521;227;809;-620;916;-369;-449;-267;-436;453;747;-113;-438;514;246;-835;-865;-991;259;-352;577;508;-118;943
914;-844;201;167;-484;-503;-524;320;-370;659;588;-646;514;-439;837;941;-855;232;-566;290;-512;99;328;-929;-891;346;-771;649;756;806;-627;-847;618;-632;-474;-96;-340;-776;661;740;759;925;-640;148;-990;372;989;657;-488;-555
762;-899;477;-530;639;-223;736;584;185;620;816;819;-105;201;229;932;605;-754;-799;-504;564;-861;841;-580;-516;-838;-10;-721;-868;-811;105;-920;285;298;458;819;-495;224;824;606;-341;664;214;-249;263;217;-405;-90;-828;629
-463;814;878;-268;-60;-557;345;-893;-988;-271;-761;-698;59;717;-302;-641;-65;-488;687;817;-714;88;-79;310;-443;18;729;703;193;-530;-189;491;571;223;-272;-398;785;142;602;65;-747;610;-780;-395;-848;-710;-933;-154;577;702
14;882;211;226;-7;535;381;-354;538;-688;119;-263;605;-315;-356;-987;-322;745;591;44;957;-374;-908;458;55;313;422;79;-375;-630;-155;-746;-835;-208;-221;-71;-586;-504;-388;625;505;788;-869;-385;-900;-6;-226;-217;-730;-782
-604;-968;368;-203;650;615;-823;-440;-728;-220;-769;-707;817;-394;-382;-409;583;656;668;-765;-440;936;358;-797;-589;131;705;724;-439;780;-7;-817;896;973;252;-781;-492;-513;-915;507;-356;552;-775;199;845;-194;386;877;727;-23
-556;696;-204;391;369;486;132;-134;84;-553;170;-757;808;797;-565;-384;-754;-40;771;-87;701;690;-613;-629;843;-326;-15;675;508;-405;-870;400;-334;-610;-36;-576;579;12;405;-417;-552;-470;-948;-339;40;325;-479;-398;218;-486
-394;-794;-822;-130;17;469;-652;-74;-765;-684;-360;296;1;-127;-619;485;-674;187;-149;958;-559;-634;746;-117;938;400;294;-896;646;-55;723;-482;-13;502;-748;-357;206;-455;524;725;593;291;368;492;612;53;527;-806;-711;182
484;-756;-378;-508;412;-674;762;-756;-708;335;-27;751;66;463;228;-133;-437;-728;-931;594;-162;-761;404;855;-16;-992;-984;-921;-282;55;381;809;728;-565;-75;-541;18;834;-313;-338;251;575;308;5;911;615;-491;880;-487;-378
-549;-117;-459;553;-446;413;-815;-63;-253;834;815;-400;601;-163;-85;-25;365;845;-506;-742;-719;725;524;-988;198;878;-518;484;129;199;945;625;932;652;-43;-620;-781;708;532;-869;-121;-899;-8;724;196;824;-899;744;114;866
-79;-101;-165;-963;-136;399;531;691;-234;458;971;-974;-415;661;375;-471;-833;-496;137;-481;755;-421;894;-369;27;-693;-269;-937;246;-612;-421;979;980;-346;158;250;-61;227;-476;-290;508;343;-923;288;-767;-846;198;-494;-979;720
-650;99;241;689;202;98;-644;484;874;-782;729;150;-998;545;56;-482;466;-451;250;228;-401;-146;16;697;543;-557;989;223;232;-38;-102;298;-588;-691;-679;890;-406;-123;-141;707;-368;-442;-433;718;217;-55;-945;-509;903;-681
-979;70;-675;-723;-376;842;347;440;333;502;-661;116;542;-755;63;524;-465;322;984;-741;424;-231;724;864;878;347;502;-812;571;-717;-510;759;430;489;-143;543;162;515;975;-139;611;539;-695;763;-419;-690;-606;656;-205;-489
0;-483;959;-988;971;450;-130;-845;348;-920;-905;876;-650;245;615;-685;-899;-895;720;659;445;-97;-156;-236;-947;-157;279;-340;257;697;372;-62;725;128;45;16;841;-914;713;773;-880;795;-920;299;223;-116;244;-505;424;-110
-537;-114;86;-782;774;890;-838;1;-125;970;128;734;56;290;151;-697;257;-762;733;596;-642;201;442;-727;207;-783;807;986;-407;-711;844;-603;977;-975;-924;-501;804;585;-669;3;-994;917;906;262;917;-539;938;-445;-440;610
-581;-987;-919;-66;-753;-655;741;-982;-835;-177;-150;162;-13;-83;904;-262;-214;-306;658;582;151;-766;-462;598;-880;104;833;684;-210;-532;-86;970;-497;644;-697;953;894;490;106;200;-316;-166;-631;531;-521;-713;375;432;137;249
282;-844;917;631;282;628;-443;345;790;-89;830;167;223;-535;972;-787;-579;925;431;-904;254;10;902;300;277;-222;-323;-872;-948;237;158;-958;-806;444;776;-788;-924;-737;-888;96;983;932;-23;-62;383;-545;-987;-967;517;-409
-858;754;-378;41;671;-868;590;-242;-561;-263;-639;974;848;855;14;-681;42;-188;549;838;699;688;-349;638;51;-225;2;-293;637;526;-40;841;-157;-308;517;-157;-267;517;37;67;50;288;210;684;970;-792;-749;119;-664;-761
52;-970;133;-821;-124;-663;715;990;-853;908;-864;490;-399;-351;-587;6;-755;688;104;-233;-932;529;462;-619;-516;228;-562;342;953;-940;348;517;-437;-470;764;-146;489;-511;766;-865;-960;159;341;822;751;950;-450;-362;-700;-263
883;552;344;936;-783;-406;-800;-505;-337;-177;759;821;325;154;547;133;377;620;-252;-735;-121;-904;-313;214;742;408;728;-892;650;-340;294;-651;-218;946;145;822;-498;722;821;965;802;-410;206;-995;854;-309;-333;715;-62;906
299;-960;-262;-512;391;-724;-443;-129;-133;-606;833;-676;-951;907;58;15;340;123;849;494;440;854;500;927;964;988;343;-759;-520;965;-113;904;-726;815;-797;-443;405;-664;-548;898;-245;471;-997;531;656;848;-61;-31;130;608
-502;684;87;-352;-687;510;939;-648;-473;875;558;-541;996;-449;209;711;535;660;35;665;-581;220;-266;-283;491;-606;-36;-233;582;-831;-926;339;95;350;835;-623;503;-824;-195;662;575;698;613;147;-21;-837;249;-80;-917;146
501;-85;474;-683;581;-309;-648;-583;348;711;-515;-928;-417;33;391;-556;209;881;-213;-387;126;-638;-36;-269;634;763;273;-137;770;-419;-969;-940;-646;-775;-325;220;-278;-616;-484;-125;857;-74;-505;285;-103;95;-820;-413;139;-360
-363;361;832;-509;-1;-125;-930;417;-112;-590;-225;-182;-707;0;138;449;-305;153;-302;63;279;-297;-92;636;-389;-456;570;-677;211;500;-359;-777;-90;-256;-896;725;-248;637;108;-619;-47;354;505;-533;-420;-622;136;-43;232;299
543;855;960;-189;-534;-8;-474;648;-830;-964;515;-568;763;286;-125;421;-613;-981;773;-439;826;-338;904;446;471;-935;866;445;821;-223;-569;623;-291;424;-488;-888;-873;708;692;612;-114;-970;-510;-559;-685;-237;-154;-593;-675;-422
280;-603;-557;-298;-943;600;282;-170;991;-113;-128;-410;0;343;-830;-554;-766;-839;-176;-160;84;415;748;393;-748;866;-663;437;929;66;362;708;-575;842;354;-843;637;-281;-929;-51;296;781;98;651;-386;-177;368;-149;971;-241
-637;371;830;128;609;931;-607;967;269;-843;304;-912;237;-872;-889;-624;422;247;-520;-472;495;-806;-216;169;-200;-656;635;764;787;257;-435;-946;333;-180;910;-910;-501;421;-119;364;-498;-730;678;-770;408;157;-508;-165;855;419
516;744;385;829;488;359;-855;-498;588;-476;909;690;-39;668;-288;372;-92;498;-761;-235;720;-420;107;360;-382;-778;985;151;122;337;888;-106;969;491;28;-574;25;-362;-802;-680;-67;993;-709;192;-663;-621;716;997;-396;746
48;83;824;-626;343;-253;420;452;-384;-561;-482;-87;-352;-527;-71;758;-688;-14;-228;470;-916;-419;553;73;334;-437;-215;961;-706;611;-392;935;307;600;-831;-304;859;541;406;697;-525;-655;-861;873;-484;-550;-814;450;153;-435
888;699;789;-335;-227;-124;153;64;-123;-42;-580;-445;-245;-582;-86;-519;-926;-986;-627;-629;-204;577;-400;569;361;748;-799;793;-643;-633;766;772;393;-343;-191;502;264;-317;-169;-3;-494;-307;-433;-195;913;-798;-759;55;-434;-264
357;-182;264;-548;723;-999;670;-160;-786;-564;850;-262;-56;-965;61;-985;-663;711;351;245;-777;500;-638;965;-668;-984;-126;996;-424;995;115;-503;140;-975;906;-174;-898;590;102;119;673;-109;-66;-866;-656;-425;743;235;112;651
-24;-683;-87;176;-725;958;-819;-847;191;68;891;-192;88;-151;196;-47;-909;459;-255;852;-455;-64;-472;-79;-159;407;761;42;-473;685;122;-289;529;205;-617;205;-639;-363;-331;-853;-858;627;-714;-573;-680;-608;46;-452;-698;-552
-868;-119;-344;-799;-189;825;-348;689;-79;11;-162;-201;597;924;-962;-2;246;-124;268;-409;-225;152;-169;-692;-169;-88;256;-838;640;152;-501;-666;946;-665;918;-539;272;108;-537;75;794;-74;511;187;-579;71;-390;-12;-363;-240
350;361;-132;795;-957;-342;171;-430;-221;318;-17;-994;-673;-254;-27;771;492;-493;77;-531;-684;-557;516;935;866;748;-886;-923;460;-993;-148;-303;-805;-949;-744;283;301;-988;431;-978;684;18;90;878;-279;754;-281;-746;212;578
-877;94;643;-682;-619;32;177;419;440;866;812;-473;345;674;445;-703;536;-848;94;-11;-498;378;-27;-714;557;-838;901;-618;-372;532;906;822;-315;487;-439;-445;-735;-307;-671;-733;-385;-528;320;260;-799;-51;-977;268;147;836
141;-927;-292;-433;701;-479;94;-403;619;-350;-705;291;-252;124;95;449;89;-128;66;418;-111;46;89;-740;-343;-252;-965;-433;-735;237;-16;76;721;900;-910;-787;696;-704;319;248;807;389;-551;825;557;479;-396;506;-338;-49
-857;320;163;953;-570;563;410;738;-481;-569;-765;131;-967;-54;129;-116;937;-214;494;21;593;-292;-136;-930;22;713;833;504;686;764;-417;-621;-740;954;-77;60;-961;418;-531;-441;-460;-136;-286;-269;799;394;-566;-841;-476;-8
-676;633;-296;278;100;-119;168;-940;558;-702;346;286;171;402;-48;654;640;953;170;-185;928;566;289;-141;118;-88;643;499;877;-329;883;945;441;-567;-374;-733;-958;-496;-997;31;559;152;181;284;-899;-400;-980;-950;-332;-953
-178;-742;-907;-511;-113;-922;-561;-716;-880;757;-674;908;-315;-93;-532;-143;-684;-793;789;-98;100;-213;-954;-983;-369;-715;-324;976;315;944;85;27;799;234;192;-819;-865;-59;894;395;-268;-716;-685;-954;168;541;67;917;-694;611
406;369;-501;-920;515;226;237;564;-841;-763;791;-326;852;707;-514;379;-852;-751;351;-776;200;-758;258;-269;213;20;377;-431;564;525;-342;474;328;327;80;-277;-906;-963;383;242;-565;650;50;-194;687;-207;652;-339;-910;109
-868;-475;-245;253;916;153;-771;212;385;561;206;-6;116;-638;290;-189;-351;-432;-991;-396;751;452;603;98;619;552;634;-435;-434;-153;-131;-941;779;609;308;671;-261;-317;-652;817;552;176;288;990;591;-41;676;-290;417;-784
573;624;-755;-839;795;721;-701;453;701;-805;-232;-28;122;-786;-727;220;131;-691;979;678;-650;-664;746;573;-381;657;-204;9;-650;-825;-890;-614;-871;-758;457;-641;325;89;261;-461;-31;663;228;-467;-950;-338;332;245;95;-246
-803;739;732;519;-100;-173;10;-131;698;-534;-378;841;-477;816;-538;645;521;-635;-719;-320;533;962;-82;-986;-312;817;-366;34;-277;-67;764;158;220;465;-171;-262;-353;-752;992;970;125;291;-342;487;-105;933;-186;-963;-789;75
-433;116;355;236;-258;721;-614;526;-936;-756;-867;706;-289;-417;-657;-884;125;-1;-335;170;24;35;311;624;-947;145;945;-316;632;410;-979;-670;-632;625;539;97;-83;0;192;271;-954;-820;855;-596;646;-524;288;28;663;-795
-408;650;-400;-468;-108;214;-57;192;94;-777;-39;-28;-676;714;-48;118;991;-787;-538;-324;414;355;724;-898;-268;341;-333;440;125;377;-823;-359;561;-516;957;604;205;-114;-350;-489;348;863;-923;425;-578;-39;-169;519;894;-18
-211;-358;-49;759;295;935;-192;73;-422;874;995;-179;105;228;438;-184;462;516;219;-664;-66;-396;261;-802;-15;-430;-449;-315;19;682;-996;625;-599;536;408;-147;300;612;-643;406;-691;-525;-598;-110;-558;295;889;802;-456;-609
614;-222;403;420;627;-227;-14;-553;-806;-41;-755;414;495;610;-345;-215;-512;-635;-368;-911;-509;64;735;209;-380;-234;154;-426;-844;-461;942;-112;-336;-238;-434;103;612;362;527;827;-365;-843;-716;-12;-437;-463;121;-994;993;943
-365;-544;-210;-532;-243;201;-763;262;-644;1;-872;672;-89;-787;-43;-560;201;-449;485;-471;507;291;467;-581;-601;-716;505;139;414;323;920;-100;-584;-836;487;46;-726;887;809;874;-189;435;-805;100;-821;266;-29;-590;-6;-620
-717;681;-756;946;-824;-725;-795;726;402;254;-927;-308;961;322;353;40;-320;-252;268;459;-657;-937;-82;454;612;-717;36;-126;133;194;524;917;767;378;-307;-400;-442;-599;111;-493;671;652;-316;-533;85;523;696;879;-796;-69
-344;571;924;-471;571;-228;-45;-150;-359;958;-537;-864;890;478;266;316;-264;-158;-276;97;-350;-469;-191;825;-964;-801;-315;99;48;-875;322;-839;-751;997;376;-997;239;343;-31;175;-544;-672;-631;-524;918;-417;115;-188;868;245
-109;379;-112;-385;209;540;302;-31;-848;302;-417;251;-448;15;-477;310;525;-394;-280;-526;-623;-320;70;651;-580;130;751;290;9;745;584;996;881;575;-547;490;382;407;-397;722;-846;-351;409;-433;-185;-957;-903;102;-870;711
824;-385;-981;606;-268;621;201;722;-597;-909;-379;575;-50;358;854;132;602;-515;960;950;-614;908;473;829;506;328;-158;485;-938;-398;268;-419;-140;649;35;-266;-224;548;-803;-950;-422;266;-395;-992;715;8;741;837;472;390
469;19;917;530;-194;105;681;-866;-161;894;-989;-215;722;933;500;-367;249;560;-674;-13;-642;754;20;955;934;457;-357;-465;-588;17;-68;-91;-733;-227;-592;-107;-841;978;-649;435;-648;-710;377;-789;201;-489;-896;795;-140;-332
-704;89;932;378;-130;-55;-749;147;1;-808;458;862;155;-464;-872;-978;-998;-276;114;-377;-899;-521;253;665;-139;162;426;678;173;-93;189;-863;206;347;250;183;-721;-623;581;364;-600;103;-15;730;120;-541;-833;-479;315;-83
-87;-974;444;942;-602;-34;-295;507;-929;-277;-642;873;-838;515;-629;647;-139;30;-627;404;644;-799;523;-807;-953;-857;570;656;-396;49;-427;169;276;-967;-79;-625;913;-857;333;-194;-373;-44;-821;876;223;95;-974;-990;864;-304
649;213;-300;408;-201;-178;64;139;760;190;570;136;-506;189;-764;-696;-406;-191;469;323;256;805;286;604;-115;166;572;876;-773;-431;-797;203;-385;-451;794;409;23;424;530;-483;557;749;684;311;-700;675;984;-783;417;496
870;257;579;543;-489;-517;838;753;-581;-730;15;231;-129;-134;-810;367;985;193;-389;-827;-562;945;302;-35;-784;689;-991;-883;-482;250;-255;-6;289;-503;-544;-147;281;522;-466;242;-755;539;734;283;-430;841;921;95;333;945
-630;-523;-642;-628;148;948;-101;459;-248;-813;-22;-82;781;-831;647;-159;752;-105;-313;-993;-18;952;-894;-6;794;71;-565;394;556;-128;663;-870;262;520;781;887;-658;386;-659;-320;-27;-516;32;112;488;337;408;-926;467;-349
683;929;57;285;547;632;583;-711;661;-374;-461;-780;138;888;-145;479;78;107;559;250;931;-40;-373;-355;-993;720;-689;811;-244;140;-766;-145;430;-929;-329;343;536;-155;-244;-935;-896;920;311;14;-658;-956;-413;-404;-348;-991
-336;-338;196;-784;737;949;193;311;433;-780;880;166;978;-930;-881;84;348;-886;738;-719;-463;-305;-710;221;965;814;-25;134;-999;-742;-994;-170;1000;319;-586;-260;510;228;33;-941;761;830;909;367;288;808;-226;-91;-239;43
66;662;548;-988;-128;-693;-395;-335;-424;758;210;-752;602;482;-603;510;-100;949;21;109;35;264;184;578;608;960;893;357;138;647;-144;213;-499;-21;738;-386;46;391;-958;978;-787;721;-273;186;741;-837;-871;-2;265;130
-209;46;-157;337;499;-242;604;-788;-500;-828;927;-345;44;154;426;371;205;505;-657;775;-370;452;173;65;789;-625;949;544;783;-362;-64;762;-41;418;-755;-725;901;583;87;-481;-833;-435;833;-405;-248;-970;-636;-412;-607;255
-776;-329;-750;960;104;306;786;462;-257;328;-173;987;-225;993;-682;159;721;-492;-423;-142;-322;405;-897;-530;-351;-9;660;487;498;922;-926;325;-219;413;913;763;100;861;151;-93;475;152;993;833;386;-10;60;951;168;-136
-294;400;-562;499;-809;302;-988;-632;757;-244;993;492;-956;-537;-677;-216;653;697;33;60;-923;-891;864;558;608;894;-345;290;-852;-405;924;791;-559;-482;82;489;805;-937;-790;-881;-771;-873;-16;955;648;539;209;-36;99;831
347;250;-163;131;454;594;770;453;-999;293;76;-920;-194;-520;842;900;494;-440;-312;387;-836;996;-864;-470;315;614;39;-308;996;137;94;218;665;283;-985;875;898;433;-621;-481;659;-467;-495;202;-649;-831;-622;610;675;-653
263;-360;506;413;142;718;-994;-142;-726;-267;312;747;-683;-830;-236;-827;252;-803;-563;-613;-444;-627;534;-588;-684;-434;-599;611;730;453;-263;778;-305;118;-506;919;-608;-320;-224;-780;-617;-32;-949;-487;107;35;-255;-651;-228;-313
314;-790;-485;-628;-438;983;856;719;-373;-340;-11;-205;-3;160;441;-748;-542;-501;928;-174;938;-420;-312;506;367;20;-529;260;-129;369;-560;-51;-387;-447;87;-416;-247;-992;-29;-759;597;-828;-593;-18;-50;-841;566;359;341;992
271;435;-919;-236;451;-939;-741;811;-663;-599;-96;-318;-739;-509;-908;678;-727;-569;806;480;437;-608;504;89;-260;-177;-739;887;407;-87;-584;-731;-90;921;23;810;-584;-984;395;-666;-57;896;512;-225;-960;151;572;715;-115;865
-964;-47;-436;-118;416;76;-451;-272;700;-749;-346;832;-134;896;-403;-835;739;733;-186;-328;390;113;-23;664;558;-259;-143;209;-497;859;556;-984;-645;531;156;-362;481;844;146;13;-772;990;942;-730;657;279;409;-712;615;-760
242;674;-893;970;998;-994;374;-939;-657;962;-995;-667;431;806;151;881;638;258;-454;-656;-269;-192;659;-937;338;564;-280;-659;952;926;-555;-320;-458;-320;259;-728;796;689;659;-957;498;-116;430;-334;220;-853;-157;998;118;-198
-872;19;-720;-99;36;432;633;-413;-936;48;703;-37;-700;940;-77;459;-662;716;564;-936;-713;-290;424;488;922;472;-262;655;352;-672;-907;456;-576;-160;-259;-899;320;130;485;-502;-174;251;-158;-908;-715;-610;465;-633;-995;619
540;608;-759;-782;673;-922;770;-772;-91;659;587;-249;-918;623;384;-394;-873;285;967;546;-45;-992;-986;608;269;264;-49;490;887;24;596;458;-135;540;520;837;121;-920;-3;263;633;-11;142;-450;-709;930;-12;-358;-339;811
-672;674;-11;496;-878;-374;990;546;803;-500;642;-531;-936;318;-629;-736;-254;-539;-975;311;-792;578;942;590;676;430;235;550;221;-280;-62;233;358;886;-233;-62;592;426;548;508;275;861;-566;-628;-963;707;-606;284;334;-759
685;410;-207;-92;-512;-645;-569;-287;-212;-534;-402;-234;-383;-820;179;835;964;527;55;123;285;400;-213;-371;958;215;-798;310;-825;-97;-787;779;-585;-195;-289;-601;-469;926;558;963;313;-920;-796;453;242;458;94;356;619;775
535;292;673;-591;496;630;-626;-406;-846;412;840;-430;-919;416;834;851;-150;139;-451;604;-428;996;-574;766;-692;-231;973;150;2;-394;-872;611;985;-184;-310;-617;-443;-779;-5;309;-277;477;389;929;-558;824;67;307;-129;258
-210;616;350;-486;185;-669;-430;825;-166;769;433;193;-239;303;-735;-209;981;-690;331;-966;-29;-147;-774;-667;882;756;272;781;884;339;34;444;-413;758;619;-519;928;987;596;-89;625;29;-60;99;-894;791;-203;-104;-937;129
-455;133;-57;355;809;362;-626;-414;167;315;-742;-164;463;-676;628;209;-672;875;36;748;15;-547;-96;746;-326;-435;503;-146;501;313;822;-876;36;263;16;-296;-129;-246;-670;403;-926;141;-848;460;-55;594;953;-597;-219;-352
661;-896;279;-741;-101;-976;553;-937;654;657;62;971;391;197;-417;218;-896;-581;105;-686;-720;-568;-617;-576;856;-430;-108;254;1000;-833;672;-1;-518;-488;-959;497;446;-106;531;-205;639;-683;585;-345;-168;-817;-138;-611;-466;-792
52;523;-857;258;340;-646;-112;872;383;-710;902;667;897;-237;-688;927;-662;793;-868;-408;34;-787;339;890;267;-882;-453;-795;854;-46;426;434;875;869;694;-648;675;166;59;956;-423;825;610;-32;705;-822;218;-333;-27;759
-438;186;-533;-344;808;-156;-473;-293;-938;720;-487;-100;645;-139;210;674;-160;-642;-13;-742;-746;-619;943;-664;-122;-374;-841;-791;904;-194;-202;320;-643;384;180;-9;380;-105;991;-677;700;-832;288;465;-123;-610;-149;634;-826;-8
416;117;97;902;-831;-841;-439;317;-615;652;-266;-941;804;-888;-713;978;245;424;653;-44;178;585;519;-715;338;44;551;-866;799;-756;562;-438;-787;994;-685;960;479;-944;521;-847;570;186;-534;-770;-651;411;-792;366;-396;217
-711;928;147;997;779;818;304;395;227;-395;110;-985;-565;-968;-593;-891;-265;549;-88;708;-47;-216;-928;-417;459;-2;436;-858;-660;554;440;-726;712;-127;219;726;658;634;-308;-709;-110;34;940;942;-945;-841;-801;616;-524;-614
-202;-116;491;-9;8;992;99;-391;11;107;-589;41;-518;-734;-679;708;-638;-922;363;413;-415;631;-630;150;-609;324;-620;-578;-84;224;704;-702;677;66;-381;268;899;-824;-863;-993;630;588;-265;839;-241;59;-667;-467;462;-265
596;849;-152;346;-861;889;-157;317;736;-929;-35;407;634;625;561;726;641;898;-68;140;525;-24;-392;885;569;895;-871;366;-117;507;-233;396;172;924;-895;767;-415;-991;-735;-206;351;632;-168;-97;577;-738;-489;-609;872;640
-51;-675;-381;929;463;383;-243;898;-546;12;-847;294;512;475;938;461;-670;763;-602;527;-578;-493;-46;-657;-978;-901;-334;712;45;921;-584;-743;503;-427;-621;-421;578;-514;667;678;-503;16;-701;-883;-113;-564;255;221;-486;855
-126;-907;-398;308;313;-607;572;251;-239;-72;-102;-185;-263;-263;-141;371;326;14;-299;517;-962;-478;-35;695;-977;194;-267;-662;859;-41;-723;906;902;867;44;-604;-466;-799;-279;-435;-684;-63;-525;309;-948;-601;-535;-164;264;74
877;-678;676;-547;756;988;465;216;-349;173;713;-855;-722;-30;908;-905;-205;110;-741;261;794;-212;-520;-419;363;-76;61;-426;103;826;443;-15;-772;685;-42;471;-578;-440;-779;865;-737;276;738;-808;147;-140;-613;-702;-483;499
-58;332;-727;-450;380;-229;-454;-76;72;-970;-312;-958;436;409;446;-880;-403;-57;915;-54;906;-1;398;945;-155;-721;-500;927;-598;-170;-892;512;885;3;-903;-330;128;794;-292;485;899;-204;-173;-15;-745;-292;-193;626;108;880
699;131;-842;-473;816;-713;-566;-302;-352;360;645;537;691;772;-281;-534;232;-430;641;-444;-544;-356;-546;-392;396;397;639;-225;-92;-902;-953;-36;-101;37;-416;-511;-756;-175;-271;-209;906;-245;-90;-481;-555;-8;-196;-714;331;-770
583;-630;-775;-522;-393;-852;403;845;-447;697;883;-422;-817;696;-746;-252;-160;394;-702;-550;-471;-879;146;544;627;485;-238;-926;820;-135;-82;50;571;55;-991;-452;273;146;513;225;-616;-370;820;-151;-388;-917;863;823;-31;-458
249;-818;748;-758;227;161;996;-57;190;-773;-121;852;-678;-857;760;-774;-19;844;372;648;642;545;-256;-860;-405;773;742;-942;295;-626;-776;-229;431;-360;375;-86;-531;107;-971;253;719;-207;411;547;248;40;-524;-863;-768;-684
-942;-342;695;706;-5;-377;-892;-185;355;869;-300;-382;278;32;-458;-783;824;-91;-676;346;-822;291;244;-97;258;-263;-932;-374;-693;486;-885;-447;-556;-772;-212;-6;528;-790;110;-68;-136;-668;177;419;142;952;183;841;-689;852
-425;-391;-465;441;554;-165;-200;-820;869;231;-825;53;692;164;232;-2;255;505;-161;-73;95;-526;136;494;-774;-789;708;886;845;-755;570;-917;83;-383;550;-51;-408;911;-326;615;-622;664;146;-1000;862;-130;167;495;684;-198
278;-116;227;221;-486;15;79;112;-745;118;386;351;102;613;510;-273;631;-838;390;409;-304;730;499;810;-229;781;-793;302;108;-164;-760;-606;-545;-754;816;-141;111;-218;-681;727;211;-881;-397;213;-861;428;109;-188;747;-919
890;993;709;-769;-659;-49;525;350;-977;-669;940;290;-971;-719;-448;-256;-330;-755;46;895;-709;-834;352;770;-456;-548;-494;-652;295;-123;-611;659;-682;535;-625;139;768;-436;646;-416;-833;604;-672;234;-921;-310;-26;-544;330;6
-193;-411;16;748;-551;770;-858;712;-208;-421;-674;-255;954;-472;288;-65;-803;-534;691;-694;551;388;717;-132;-864;-915;671;-687;346;131;638;-261;530;-356;-812;262;-715;16;-120;-535;-575;-339;393;-606;-37;963;-379;-101;-125;-425
446;259;-158;-562;781;784;-846;667;850;-104;748;-644;-762;-369;636;-945;162;-2;-202;40;52;-21;993;796;-826;693;683;-152;524;-164;-810;-462;-192;81;-426;542;238;811;-76;514;-345;181;-980;-677;1;-298;-41;-435;-890;325
890;801;969;227;484;-700;-943;-795;648;-983;741;-346;971;-8;23;-538;-652;625;-472;732;627;1000;118;-431;251;-432;11;-277;599;-657;-308;-727;797;-108;693;-768;-493;430;112;-638;320;-5;-207;320;-955;738;-706;-505;-667;-180
-885;-956;269;-305;-805;163;437;450;-570;-36;427;112;-298;773;695;-10;963;-231;-17;-329;4;-134;-112;-350;877;162;349;-406;32;980;-218;-1000;-180;562;927;637;122;-986;-748;707;889;-469;8;-764;-484;175;-775;-701;-182;-785
-613;-467;-692;599;-377;219;-330;39;-136;-416;-859;902;674;28;-30;450;650;-695;-46;-186;292;741;243;662;-343;-817;-466;-935;958;-942;-800;813;-71;-499;-322;169;-882;-19;-305;-580;320;473;888;817;585;-482;998;-430;559;-576
-1;65;-385;598;406;-252;983;669;-924;-787;-479;392;646;-603;488;393;-957;110;-31;-335;617;-18;-831;190;-541;629;409;764;852;294;-68;618;-934;854;137;-773;593;-428;-135;421;-54;-405;62;389;364;-30;334;-649;-631;-217
293;-864;81;-266;-92;111;500;-848;945;745;-733;-124;-939;-784;-595;-13;-621;-828;68;-232;626;551;-807;-641;133;-837;155;-305;-869;666;-3;-491;132;251;933;-19;-828;964;567;700;-504;-854;284;952;392;16;-278;-982;826;163
145;-426;-878;704;-960;-645;691;-340;43;172;642;972;-71;-706;923;900;-457;564;455;-275;-313;-928;793;-124;-287;-548;-663;-269;670;973;866;-448;-972;216;164;434;-617;767;738;461;867;456;868;-761;119;-296;646;-519;-838;-144
433;-792;852;-381;472;345;-172;450;202;971;163;-566;-69;-503;402;795;247;-363;44;297;-205;919;802;415;-189;-400;-263;-325;-740;-39;-272;-714;-962;-516;-854;-417;68;-541;-208;939;-420;-158;-396;-391;-556;-469;-602;-372;597;670
-108;899;661;159;-823;643;7;-721;357;568;173;-559;-172;-888;383;142;-596;-215;-769;-888;981;498;-314;-555;-820;-69;433;605;80;-468;596;-665;275;511;-721;149;160;-857;706;-587;-884;-326;-98;-608;-373;644;-452;565;311;-227
478;894;-57;813;776;82;-547;154;-752;764;978;-689;928;-954;-672;-232;-64;783;-922;-848;631;-378;351;-212;624;108;840;-927;64;503;874;-864;-221;-855;494;-811;823;-801;839;439;817;-57;980;769;-649;-342;566;-868;91;-66
400;-779;-515;45;-190;339;-214;-232;645;174;348;-563;-778;543;317;735;998;-604;793;285;-253;-985;648;-852;-389;823;543;822;7;895;715;-252;-880;293;-938;453;-570;416;-22;535;133;-125;-683;297;-2;641;-131;-279;305;-293
532;-925;547;331;-758;880;912;996;-460;-557;-32;864;773;-407;457;189;773;633;988;-381;713;339;383;867;449;-269;-940;-52;-21;-815;-831;-668;-990;-252;-527;314;-649;654;360;-352;229;258;364;-72;26;581;206;-998;-839;-737
-292;-806;-10;863;39;-694;-411;941;-279;373;903;-784;857;-277;234;745;590;651;-854;796;833;-170;144;204;-305;-268;-288;591;340;-836;328;600;-429;-890;-222;854;448;-838;511;378;33;-762;615;-524;-784;727;-786;-613;-744;-869
116;-596;24;28;820;-327;-542;-634;848;464;-60;-215;-568;191;818;-821;-351;-346;-613;-421;-342;613;-566;793;-887;189;261;-851;-226;71;878;145;-2;-386;480;670;225;975;-362;910;-803;599;-503;865;371;-796;494;-366;-155;-880
-258;-110;-507;531;800;906;514;-981;497;-626;353;-33;595;-736;139;26;-311;-857;-966;-834;-968;-66;577;-941;-741;-961;602;-680;-281;732;-120;883;310;851;-744;87;-590;640;-913;-763;-979;-964;93;-429;-152;-673;97;-834;-695;905
116;-70;656;-456;-822;-284;997;752;-691;579;907;-415;-697;-244;182;-584;803;-588;426;87;-663;-1000;682;-483;-856;156;-394;-634;-114;-320;985;270;11;-458;-581;729;-819;434;-805;92;783;-197;226;-452;827;788;-3;382;-287;434
-527;447;639;-435;-196;645;-517;889;-1;593;-249;962;-639;-21;829;-530;112;66;-923;632;690;74;877;660;-252;-626;382;693;-374;-599;-27;-207;-921;902;-659;39;305;742;-657;134;-734;919;681;-820;-810;287;981;-306;919;140
-630;-804;-972;-896;369;-217;365;393;-337;81;-637;209;-863;-847;256;824;-616;726;-543;-47;-527;-157;-190;-591;-772;859;-345;-493;-776;380;918;136;321;928;224;717;720;-778;374;127;433;274;337;491;-68;668;995;216;75;469
337;-128;-303;-194;-647;-300;-30;-960;-80;783;-105;-95;540;816;777;-199;-134;9;-491;-28;261;839;183;-712;230;933;368;-370;-525;565;761;941;544;344;940;-707;42;-701;-296;-639;461;-843;-607;477;-215;95;846;-440;-647;-897
-850;512;760;284;381;718;549;-223;-435;422;118;-413;-109;571;-642;277;-495;-222;-87;999;-562;284;-745;-413;-1;43;410;28;235;-656;-851;-988;-732;205;725;171;235;-658;-198;-670;701;967;-524;425;508;-604;568;753;-954;-234
190;889;693;-251;131;-257;410;-234;-902;822;-761;-174;958;549;140;-170;233;490;-559;831;753;871;-34;398;269;-383;-475;-515;437;-493;-294;125;-857;192;786;521;235;-681;-347;736;754;180;6;-664;-353;-960;84;729;461;-644
886;588;649;157;-580;-320;356;396;-705;764;-620;-146;810;124;-726;532;847;130;-417;161;-453;799;966;-692;534;114;-512;615;-869;-95;87;94;-158;352;-475;-908;-969;-287;-39;-854;-503;777;-386;-71;612;-291;-834;-549;258;-928
-696;-140;108;-764;379;-343;575;342;-626;-993;10;352;298;-558;-90;185;392;-669;-114;101;-348;583;843;-342;71;203;579;-662;-881;685;119;-468;-884;613;-775;-249;970;849;308;-668;-578;324;903;-366;-997;-590;183;233;709;-413
-109;262;-927;347;640;156;383;-453;-650;-699;786;-95;640;-578;987;989;746;-155;-40;-608;812;7;-206;466;486;-555;-33;-419;-89;589;-388;-480;-475;813;775;-222;-836;-4;230;-856;-874;273;248;8;811;-452;-798;923;-496;828
943;-233;549;191;-768;-732;-781;-672;-226;335;-800;144;-348;206;207;-715;-715;336;643;-769;831;-958;813;-108;297;234;644;-105;-260;-263;-726;962;-604;-472;-804;962;-956;-18;159;534;-814;-258;61;56;792;-94;-554;-609;-982;-647
891;313;320;-784;218;-641;20;36;723;578;-26;165;774;-456;-119;-265;619;-815;198;-987;-541;-609;143;-650;412;443;819;-54;-501;-389;-916;258;-278;137;943;-78;168;-156;-252;352;-559;-541;-549;-95;114;321;-264;404;-844;606
328;-141;359;-294;640;-167;331;917;181;134;-362;476;675;-226;-914;-821;248;693;897;927;563;262;-981;948;89;248;890;634;-255;-827;-833;130;130;340;-17;-220;-933;-647;498;267;-136;635;-356;840;-771;591;343;-398;-852;-662
688;-971;71;-696;-295;190;-927;860;-82;205;-304;50;-83;-260;857;280;-990;74;185;-824;921;893;497;651;-756;991;-256;-112;13;-95;-953;765;214;584;-55;-390;610;-797;-721;-933;890;111;-349;-846;-242;-794;-79;-281;-473;20
-79;-293;-949;-306;-144;-620;-63;-867;669;769;-166;-482;281;370;225;421;391;122;228;-455;-588;-84;-197;-963;760;-520;-882;714;971;181;911;120;634;454;-929;-669;-483;824;229;-599;652;742;-77;-187;332;731;-158;13;-710;101
-474;567;869;-130;-208;-958;660;-488;-6;-472;-805;-526;-354;143;-54;329;-792;115;473;746;169;-279;-760;769;488;-823;-742;510;-37;483;-594;722;-564;-906;753;-966;-155;311;257;476;-983;264;-395;-918;607;22;459;869;-541;595
